[
  {
    "id": 1,
    "title": "Beetlejuice",
    "director": "Tim Burton",
    "actors": "Alec Baldwin, Geena Davis, Annie McEnroe, Maurice Page",
    "plot": "A couple of recently deceased ghosts contract the services of a \"bio-exorcist\" in order to remove the obnoxious new owners of their house.",
    "poster-url": "https://images-na.ssl-images-amazon.com/images/M/MV5BMTUwODE3MDE0MV5BMl5BanBnXkFtZTgwNTk1MjI4MzE@._V1_SX300.jpg",
    "date": 1689453841000,
    "movie-type": "Comedy",
    "detail": {
        "id": 1,
        "title": "Beetlejuice",
        "director": "Tim Burton"
      }
  },
  {
    "id": 2,
    "title": "The Cotton Club",
    "director": "Francis Ford Coppola",
    "actors": "Richard Gere, Gregory Hines, Diane Lane, Lonette McKee",
    "plot": "The Cotton Club was a famous night club in Harlem. The story follows the people that visited the club, those that ran it, and is peppered with the Jazz music that made it so famous.",
    "poster-url": "https://images-na.ssl-images-amazon.com/images/M/MV5BMTU5ODAyNzA4OV5BMl5BanBnXkFtZTcwNzYwNTIzNA@@._V1_SX300.jpg",
    "date": 1689453841000,
    "movie-type": "Fantasy",
    "detail": {
        "id": 1,
        "title": "Beetlejuice",
        "director": "Tim Burton"
      }
  }
]
